S0050	1	bioGEOTRACES_rev_index_CGTGATAT
S0052	2	
S0053	3	
S0054	4	
S0055	5	
S0057	6	
190619_H2O_blank	7	
190619_16S_stag_v2	8	
S0058	1	bioGEOTRACES_rev_index_ACATCGAT
S0059	2	
S0060	3	
S0062	4	
S0063	5	
S0064	6	
S0065	7	
S0066	8	
S0067	9	
S0068	10	
S0069	11	
S0070	12	
S0071	13	
S0072	14	
S0073	15	
S0074	16	
S0075	17	
S0076	18	
S0077	19	
S0078	20	
S0079	21	
S0080	22	
190701_16S_even_v2	23	
190701_H2O_blank_1	24	
S0081	1	bioGEOTRACES_rev_index_GCCTAAAT
S0082	2	
S0083	3	
S0084	4	
S0085	5	
S0086	6	
S0087	7	
S0088	8	
S0089	9	
S0090	10	
S0091	11	
S0092_fail	12	
S0093_fail	13	
S0094_fail	14	
S0095	15	
S0097	16	
S0098	17	
S0099	18	
S0100	19	
S0102_fail	20	
S0103_fail	21	
S0104_fail	22	
190701_16S_stag_v2	23	
190701_H2O_blank_2	24	
S0105	1	bioGEOTRACES_rev_index_TGGTCAAT
S0106	2	
S0107	3	
S0108	4	
S0109	5	
S0110	6	
S0112	7	
S0115	8	
S0116	9	
S0117	10	
S0118	11	
S0119	12	
S0120	13	
S0122	14	
S0124	15	
S0125	16	
S0128_fail	17	
S0129	18	
S0130	19	
S0131	20	
S0132	21	
S0133	22	
190701_18S_even	23	
190701_H2O_blank_3	24	
S0134	1	bioGEOTRACES_rev_index_CACTGTAT
S0135	2	
S0136	3	
S0137	4	
S0138	5	
S0139	6	
S0140	7	
S0141	8	
S0142	9	
S0143	10	
S0144	11	
S0145	12	
S0231	13	
S0233	14	
S0234	15	
S0235	16	
S0236	17	
S0237	18	
S0238_fail	19	
S0239	20	
S0240	21	
S0242	22	
190701_18S_stag	23	
190701_H2O_blank_4	24	
S0243	1	bioGEOTRACES_rev_index_ATTGGCAT
S0244	2	
S0245	3	
S0246	4	
S0247	5	
S0248	6	
S0249	7	
S0250	8	
S0252	9	
S0253	10	
S0254	11	
S0255	12	
S0256	13	
S0257	14	
S0258	15	
S0260	16	
S0261	17	
S0262	18	
S0263	19	
S0264	20	
S0265	21	
S0266	22	
S0267	23	
190708_H2O_blank_1	24	
S0268	1	bioGEOTRACES_rev_index_GATCTGAT
S0269	2	
S0270	3	
S0271	4	
S0272	5	
S0273	6	
S0274	7	
S0275	8	
S0276	9	
S0277	10	
S0278	11	
S0279	12	
S0280	13	
S0282	14	
S0283	15	
S0284	16	
S0286	17	
S0287	18	
S0288	19	
S0289	20	
S0290	21	
S0291	22	
S0292	23	
190708_H2O_blank_2	24	
S0293	1	bioGEOTRACES_rev_index_TCAAGTAT
S0299_fail	2	
S0300	3	
S0301	4	
S0302	5	
S0303_fail	6	
S0305_fail	7	
S0306	8	
S0307	9	
S0309	10	
S0311	11	
S0312	12	
S0313	13	
S0314	14	
S0320	15	
S0321	16	
S0322	17	
S0323	18	
S0324	19	
S0325	20	
S0326	21	
S0331	22	
S0332	23	
190708_H2O_blank_3	24	
S0333_fail	1	bioGEOTRACES_rev_index_TGACATAT
S0334_fail	2	
S0335_fail	3	
S0336_fail	4	
S0337_fail	5	
S0339_fail	6	
S0340_fail	7	
S0341_fail	8	
S0342	9	
S0343	10	
S0344	11	
S0345	12	
S0346	13	
S0347	14	
S0348	15	
S0349	16	
S0350	17	
S0351	18	
S0352	19	
S0353	20	
S0354	21	
S0355	22	
S0356	23	
190708_H2O_blank_4	24	
S0357	1	bioGEOTRACES_rev_index_GGACGGAT
S0358	2	
S0360	3	
S0361	4	
S0362	5	
S0363	6	
S0365_fail	7	
S0366	8	
S0367	9	
S0368	10	
S0369	11	
S0370	12	
S0371	13	
S0372	14	
S0373	15	
S0374	16	
S0375	17	
S0376	18	
S0377	19	
S0378	20	
S0379	21	
S0380	22	
190711_16s_even_v2	23	
190711_TE_blank_1	24	
S0381	1	bioGEOTRACES_rev_index_GCGGACAT
S0382	2	
S0383	3	
S0384	4	
S0385	5	
S0386	6	
S0387	7	
S0388	8	
S0389	9	
S0390	10	
S0391	11	
S0392	12	
S0393	13	
S0394	14	
S0395	15	
S0397	16	
S0398	17	
S0399	18	
S0401	19	
S0402	20	
S0408	21	
S0409	22	
190711_16s_stag_v2	23	
190711_TE_blank_2	24	
S0410	1	bioGEOTRACES_rev_index_TTTCACAT
S0411	2	
S0413	3	
S0414	4	
S0415	5	
S0416	6	
S0417	7	
S0418	8	
S0419_fail	9	
S0420	10	
S0421	11	
S0422_fail	12	
S0423	13	
S0424	14	
S0425	15	
S0426	16	
S0427	17	
S0428	18	
S0429	19	
S0430	20	
S0431	21	
S0432	22	
190711_18s_even	23	
190711_TE_blank_3	24	
S0433	1	bioGEOTRACES_rev_index_CCGGTGAT
S0434	2	
S0435	3	
S0436	4	
S0437	5	
S0438	6	
S0439	7	
S0440	8	
S0441	9	
S0443	10	
S0444	11	
S0445	12	
S0446	13	
S0315	14	
S0316	15	
S0317	16	
S0318	17	
S0403	18	
S0404	19	
S0405	20	
S0406	21	
S0407	22	
190711_18s_stag	23	
190711_TE_blank_4	24	
S0092	1	bioGEOTRACES_rev_index_ATCGTGAT
S0093	2	
S0094	3	
S0102	4	
S0103	5	
S0104	6	
S0128	7	
S0238	8	
S0260_redo	9	
S0276_redo	10	
S0277_redo	11	
S0293_redo	12	
S0299	13	
S0300_redo	14	
S0302_redo	15	
S0303	16	
S0305	1	bioGEOTRACES_rev_index_TGAGTGAT
S0333	2	
S0334	3	
S0335	4	
S0336	5	
S0337	6	
S0339	7	
S0340	8	
S0341	9	
S0362_redo	10	
S0365	11	
S0419	12	
S0422	13	
S0407_redo	14	
190715_18s_even	15	
190715_TE_blk	16	
